{
    "modelo": "LightGBM + Optuna",
    "fecha_entrenamiento": "2026-05-10",
    "dataset_size": {
        "train": 5919,
        "test": 1269
    },
    "metricas_test": {
        "accuracy": 0.8518518518518519,
        "precision": 0.8611111111111112,
        "recall": 0.8365079365079365,
        "f1_score": 0.8486312399355878
    },
    "overfitting": {
        "cv_f1": 0.828885569564035,
        "test_f1": 0.8486312399355878,
        "diferencia": 0.019745670371552726
    },
    "comparacion_svm": {
        "svm_f1": 0.8436,
        "lightgbm_f1": 0.8486312399355878,
        "mejora": 0.005031239935587739
    }
}