{
    "num_leaves": 63,
    "max_depth": 5,
    "learning_rate": 0.23795537637353603,
    "n_estimators": 259,
    "min_child_samples": 12,
    "subsample": 0.9887395613964821,
    "colsample_bytree": 0.9356180724496748,
    "reg_alpha": 0.3481391303512632,
    "reg_lambda": 0.27831620604820895
}